phage,lysate_titer
C_B5,2.5×1010 PFU/mL
D_D11,7×109 PFU/mL
C_D1,4.6×1010 PFU/mL
D_F11,3×1010 PFU/mL
C_A2,4.3×1010 PFU/mL
D_H11,1.6×1010 PFU/mL
C_C2,1×1010 PFU/mL
C_D4,4×109 PFU/mL
C_D2,2.6×1010 PFU/mL
C_C5,4.3×1010 PFU/mL
C_D3,4.1×1010 PFU/mL
C_H6,1.5×1010 PFU/mL
C_F3,1.3×1010 PFU/mL
C_H7,2×109 PFU/mL
C_G3,1.3×1010 PFU/mL
C_D9,2×1010 PFU/mL
C_B4,4×109 PFU/mL
C_A1,1.4×1010 PFU/mL
C_C4,3.8×1010 PFU/mL
C_C1,3×109 PFU/mL
C_E4,1.6×1010 PFU/mL
C_E1,5×109 PFU/mL
C_G4,3.1×1010 PFU/mL
C_E6,1.2×1010 PFU/mL
C_H4,4.3×1010 PFU/mL
C_A3,3×109 PFU/mL
C_D5,2.3×1010 PFU/mL
D_A3,3.3×1010 PFU/mL
C_G5,4.4×1010 PFU/mL
D_H7,9×109 PFU/mL
C_C7,2.5×1010 PFU/mL
D_C3,6×109 PFU/mL
C_F11,2.3×1010 PFU/mL
D_C8,2.5×1010 PFU/mL
C_F12,1.4×1010 PFU/mL
D_A9,1.8×1010 PFU/mL
D_D2,4.8×109 PFU/mL
D_G6,7×109 PFU/mL
D_F1,2×1010 PFU/mL
D_A5,2×1010 PFU/mL
D_G3,1.4×1010 PFU/mL
A_C8,1.1×1010 PFU/mL
D_E5,1.8×1010 PFU/mL
A_B7,1.8×1010 PFU/mL
D_F6,6×109 PFU/mL
A_D7,8×109 PFU/mL
D_H8,2×109 PFU/mL
B_H11,2.7×1010 PFU/mL
D_G11,5.8×1010 PFU/mL
D_G10,1.5×1010 PFU/mL
D_F10,2.3×1010 PFU/mL
