q,t,pident,alnlen,mm,gap,qs,qe,ts,te,evalue,bits,pident_pct,product,function
QRODVJKP_CDS_0051,OMDBv2.0_AA_G_NR50_000004089642,0.455,158,86,0,3,160,6,163,1.483e-32,131,45.5,endolysin,lysis
QRODVJKP_CDS_0051,OMDBv2.0_AA_G_NR50_000000574299,0.448,154,82,0,6,159,10,159,2.565e-28,119,44.800000000000004,endolysin,lysis
QRODVJKP_CDS_0051,OMDBv2.0_AA_G_NR50_000015868847,0.428,147,81,0,9,155,13,155,2.32e-27,116,42.8,endolysin,lysis
QRODVJKP_CDS_0051,OMDBv2.0_AA_G_NR50_000006321356,0.433,150,82,0,6,155,18,163,2.097e-26,113,43.3,endolysin,lysis
QRODVJKP_CDS_0051,OMDBv2.0_AA_G_NR50_000024066203,0.435,152,84,0,7,156,12,163,1.01e-25,111,43.5,endolysin,lysis
QRODVJKP_CDS_0051,OMDBv2.0_AA_G_NR50_000014098010,0.418,153,86,0,4,156,7,155,2.342e-24,108,41.8,endolysin,lysis
QRODVJKP_CDS_0051,OMDBv2.0_AA_G_NR50_000010653295,0.441,136,75,0,21,156,11,146,5.420999999999999e-23,104,44.1,endolysin,lysis
QRODVJKP_CDS_0051,OMDBv2.0_AA_G_NR50_000020949313,0.41,139,81,0,21,159,17,155,6.685999999999999e-22,100,41.0,endolysin,lysis
QRODVJKP_CDS_0051,OMDBv2.0_AA_G_NR50_000025639410,0.379,153,91,0,6,158,7,154,6.018e-21,98,37.9,endolysin,lysis
QRODVJKP_CDS_0051,OMDBv2.0_AA_G_NR50_000023411548,0.364,151,90,0,14,155,13,163,3.954e-20,95,36.4,endolysin,lysis
QRODVJKP_CDS_0051,OMDBv2.0_AA_G_NR50_000013549538,0.362,160,98,0,1,160,1,155,7.404000000000001e-20,94,36.199999999999996,endolysin,lysis
QRODVJKP_CDS_0051,OMDBv2.0_AA_G_NR50_000018522561,0.411,136,80,0,21,156,10,145,7.404000000000001e-20,94,41.099999999999994,endolysin,lysis
QRODVJKP_CDS_0051,OMDBv2.0_AA_G_NR50_000004341074,0.386,146,89,0,14,159,20,165,1.386e-19,94,38.6,endolysin,lysis
QRODVJKP_CDS_0051,OMDBv2.0_AA_G_NR50_000024698767,0.411,141,82,0,19,159,9,149,1.386e-19,94,41.099999999999994,endolysin,lysis
QRODVJKP_CDS_0051,OMDBv2.0_AA_G_NR50_000024044954,0.393,159,91,0,1,159,1,151,1.897e-19,93,39.300000000000004,endolysin,lysis
QRODVJKP_CDS_0051,OMDBv2.0_AA_G_NR50_000019851628,0.43,130,71,0,26,155,34,159,1.897e-19,93,43.0,endolysin,lysis
QRODVJKP_CDS_0051,OMDBv2.0_AA_G_NR50_000012277553,0.367,153,82,0,26,156,30,182,1.897e-19,93,36.7,endolysin,lysis
QRODVJKP_CDS_0051,OMDBv2.0_AA_G_NR50_000017386807,0.364,148,93,0,12,159,100,246,3.551e-19,93,36.4,endolysin,lysis
QRODVJKP_CDS_0051,OMDBv2.0_AA_G_NR50_000002418975,0.395,134,80,0,26,159,13,145,6.648e-19,92,39.5,endolysin,lysis
QRODVJKP_CDS_0051,OMDBv2.0_AA_G_NR50_000024190682,0.376,154,94,0,7,158,13,166,1.244e-18,91,37.6,endolysin,lysis
QRODVJKP_CDS_0051,OMDBv2.0_AA_G_NR50_000025085496,0.391,143,86,0,17,159,135,277,1.244e-18,91,39.1,endolysin,lysis
QRODVJKP_CDS_0051,OMDBv2.0_AA_G_NR50_000005894479,0.423,137,78,0,21,157,10,146,1.702e-18,91,42.3,endolysin,lysis
QRODVJKP_CDS_0051,OMDBv2.0_AA_G_NR50_000005160958,0.362,138,84,0,21,158,12,144,3.186e-18,90,36.199999999999996,endolysin,lysis
QRODVJKP_CDS_0051,OMDBv2.0_AA_G_NR50_000022197205,0.409,148,85,0,12,159,30,173,1.116e-17,88,40.9,endolysin,lysis
QRODVJKP_CDS_0051,OMDBv2.0_AA_G_NR50_000001112292,0.406,140,83,0,17,156,209,348,1.116e-17,88,40.6,endolysin,lysis
QRODVJKP_CDS_0051,OMDBv2.0_AA_G_NR50_000012320853,0.393,152,89,0,8,159,16,162,2.855e-17,87,39.300000000000004,endolysin,lysis
QRODVJKP_CDS_0051,OMDBv2.0_AA_G_NR50_000001060632,0.379,145,86,0,11,155,8,146,3.904e-17,87,37.9,endolysin,lysis
QRODVJKP_CDS_0051,OMDBv2.0_AA_G_NR50_000019281902,0.339,153,100,0,7,159,90,241,5.34e-17,86,33.900000000000006,endolysin,lysis
QRODVJKP_CDS_0051,OMDBv2.0_AA_G_NR50_000012757040,0.378,148,89,0,8,155,6,149,9.986e-17,85,37.8,endolysin,lysis
QRODVJKP_CDS_0051,OMDBv2.0_AA_G_NR50_000013744748,0.38,142,87,0,18,159,134,275,9.986e-17,85,38.0,endolysin,lysis
QRODVJKP_CDS_0051,OMDBv2.0_AA_G_NR50_000020402680,0.385,135,80,0,21,151,10,144,9.986e-17,85,38.5,endolysin,lysis
QRODVJKP_CDS_0051,OMDBv2.0_AA_G_NR50_000009157579,0.365,134,81,0,26,159,28,156,1.366e-16,85,36.5,endolysin,lysis
QRODVJKP_CDS_0051,OMDBv2.0_AA_G_NR50_000012582686,0.381,129,76,0,32,155,59,187,1.366e-16,85,38.1,endolysin,lysis
QRODVJKP_CDS_0051,OMDBv2.0_AA_G_NR50_000007433314,0.361,152,93,0,8,159,80,226,1.366e-16,85,36.1,endolysin,lysis
QRODVJKP_CDS_0051,OMDBv2.0_AA_G_NR50_000006827053,0.39,151,88,0,8,158,11,156,1.867e-16,85,39.0,endolysin,lysis
QRODVJKP_CDS_0051,OMDBv2.0_AA_G_NR50_000008068480,0.374,131,78,0,26,156,27,152,1.867e-16,85,37.4,endolysin,lysis
QRODVJKP_CDS_0051,OMDBv2.0_AA_G_NR50_000013504282,0.38,148,89,0,12,159,24,168,1.867e-16,85,38.0,endolysin,lysis
QRODVJKP_CDS_0051,OMDBv2.0_AA_G_NR50_000025788019,0.4,152,90,0,8,158,21,172,1.867e-16,85,40.0,endolysin,lysis
QRODVJKP_CDS_0051,OMDBv2.0_AA_G_NR50_000003305908,0.35,151,96,0,12,160,15,165,3.492e-16,84,35.0,endolysin,lysis
QRODVJKP_CDS_0051,OMDBv2.0_AA_G_NR50_000024770813,0.36,145,92,0,12,156,105,249,3.492e-16,84,36.0,endolysin,lysis
QRODVJKP_CDS_0051,OMDBv2.0_AA_G_NR50_000014505015,0.351,131,84,0,21,151,10,140,3.492e-16,84,35.099999999999994,endolysin,lysis
QRODVJKP_CDS_0051,OMDBv2.0_AA_G_NR50_000025469442,0.375,141,85,0,21,157,17,157,8.925e-16,83,37.5,endolysin,lysis
QRODVJKP_CDS_0051,OMDBv2.0_AA_G_NR50_000019084838,0.385,143,87,0,17,159,108,249,8.925e-16,83,38.5,endolysin,lysis
QRODVJKP_CDS_0051,OMDBv2.0_AA_G_NR50_000022953384,0.341,152,98,0,7,156,7,158,1.668e-15,82,34.1,endolysin,lysis
QRODVJKP_CDS_0051,OMDBv2.0_AA_G_NR50_000015456448,0.337,175,103,0,3,159,10,184,2.281e-15,81,33.7,endolysin,lysis
QRODVJKP_CDS_0051,OMDBv2.0_AA_G_NR50_000000105641,0.369,153,93,0,11,159,14,166,3.118e-15,81,36.9,endolysin,lysis
QRODVJKP_CDS_0051,OMDBv2.0_AA_G_NR50_000005939176,0.378,139,85,0,21,159,10,147,3.118e-15,81,37.8,endolysin,lysis
QRODVJKP_CDS_0051,OMDBv2.0_AA_G_NR50_000014048381,0.352,141,89,0,18,156,15,155,7.963e-15,80,35.199999999999996,endolysin,lysis
QRODVJKP_CDS_0051,OMDBv2.0_AA_G_NR50_000004636327,0.379,136,82,0,22,154,689,824,7.963e-15,80,37.9,endolysin,lysis
QRODVJKP_CDS_0051,OMDBv2.0_AA_G_NR50_000010614794,0.36,134,83,0,26,159,30,160,1.088e-14,79,36.0,endolysin,lysis
QRODVJKP_CDS_0051,OMDBv2.0_AA_G_NR50_000019225234,0.353,143,92,0,17,159,155,297,1.487e-14,79,35.3,endolysin,lysis
QRODVJKP_CDS_0051,OMDBv2.0_AA_G_NR50_000011420569,0.35,136,88,0,21,156,10,145,1.487e-14,79,35.0,endolysin,lysis
QRODVJKP_CDS_0051,OMDBv2.0_AA_G_NR50_000028824832,0.333,144,89,0,26,160,37,180,3.797e-14,78,33.300000000000004,endolysin,lysis
QRODVJKP_CDS_0051,OMDBv2.0_AA_G_NR50_000024686103,0.355,135,83,0,26,160,112,241,3.797e-14,78,35.5,endolysin,lysis
QRODVJKP_CDS_0051,OMDBv2.0_AA_G_NR50_000000414978,0.348,147,93,0,17,160,120,266,3.797e-14,78,34.8,endolysin,lysis
QRODVJKP_CDS_0051,OMDBv2.0_AA_G_NR50_000018505252,0.371,131,79,0,26,156,34,159,5.188e-14,78,37.1,endolysin,lysis
QRODVJKP_CDS_0051,OMDBv2.0_AA_G_NR50_000017671098,0.35,133,86,0,22,154,43,175,5.188e-14,78,35.0,endolysin,lysis
QRODVJKP_CDS_0051,OMDBv2.0_AA_G_NR50_000027121935,0.364,143,85,0,21,154,65,207,5.188e-14,78,36.4,endolysin,lysis
QRODVJKP_CDS_0051,OMDBv2.0_AA_G_NR50_000002928503,0.354,157,99,0,3,159,86,239,5.188e-14,78,35.4,endolysin,lysis
QRODVJKP_CDS_0051,OMDBv2.0_AA_G_NR50_000025609939,0.354,141,88,0,21,157,12,152,5.188e-14,78,35.4,endolysin,lysis
QRODVJKP_CDS_0051,OMDBv2.0_AA_G_NR50_000020720442,0.359,139,86,0,21,159,10,144,5.188e-14,78,35.9,endolysin,lysis
QRODVJKP_CDS_0051,OMDBv2.0_AA_G_NR50_000015229822,0.326,143,94,0,20,159,98,240,1.324e-13,76,32.6,endolysin,lysis
QRODVJKP_CDS_0051,OMDBv2.0_AA_G_NR50_000009296091,0.366,153,84,0,26,159,28,180,1.808e-13,76,36.6,endolysin,lysis
QRODVJKP_CDS_0051,OMDBv2.0_AA_G_NR50_000020215995,0.339,156,101,0,4,159,80,233,1.808e-13,76,33.900000000000006,endolysin,lysis
QRODVJKP_CDS_0051,OMDBv2.0_AA_G_NR50_000022640153,0.378,132,78,0,21,152,33,158,2.471e-13,76,37.8,endolysin,lysis
QRODVJKP_CDS_0051,OMDBv2.0_AA_G_NR50_000026538494,0.363,142,85,0,26,159,15,156,3.375e-13,75,36.3,endolysin,lysis
QRODVJKP_CDS_0051,OMDBv2.0_AA_G_NR50_000023907497,0.335,131,86,0,21,151,10,140,3.375e-13,75,33.5,endolysin,lysis
QRODVJKP_CDS_0051,OMDBv2.0_AA_G_NR50_000009996593,0.36,138,83,0,21,151,10,147,4.611e-13,75,36.0,endolysin,lysis
QRODVJKP_CDS_0051,OMDBv2.0_AA_G_NR50_000000154419,0.365,123,75,0,33,151,28,150,4.611e-13,75,36.5,endolysin,lysis
QRODVJKP_CDS_0051,OMDBv2.0_AA_G_NR50_000006299501,0.379,137,84,0,21,157,10,146,4.611e-13,75,37.9,endolysin,lysis
QRODVJKP_CDS_0051,OMDBv2.0_AA_G_NR50_000010126026,0.35,137,88,0,21,157,26,161,6.298e-13,74,35.0,endolysin,lysis
QRODVJKP_CDS_0051,OMDBv2.0_AA_G_NR50_000006957915,0.323,142,92,0,21,157,10,151,6.298e-13,74,32.300000000000004,endolysin,lysis
QRODVJKP_CDS_0051,OMDBv2.0_AA_G_NR50_000021574508,0.328,140,93,0,21,160,28,166,6.298e-13,74,32.800000000000004,endolysin,lysis
QRODVJKP_CDS_0051,OMDBv2.0_AA_G_NR50_000014921768,0.352,138,89,0,21,158,10,147,6.298e-13,74,35.199999999999996,endolysin,lysis
QRODVJKP_CDS_0051,OMDBv2.0_AA_G_NR50_000010064986,0.36,136,83,0,21,156,76,206,8.603e-13,74,36.0,endolysin,lysis
QRODVJKP_CDS_0051,OMDBv2.0_AA_G_NR50_000001425114,0.359,138,88,0,21,158,10,147,1.175e-12,74,35.9,endolysin,lysis
QRODVJKP_CDS_0051,OMDBv2.0_AA_G_NR50_000013194940,0.372,136,84,0,21,156,10,143,1.175e-12,74,37.2,endolysin,lysis
QRODVJKP_CDS_0051,OMDBv2.0_AA_G_NR50_000005350374,0.34,135,88,0,26,160,58,191,1.605e-12,73,34.0,endolysin,lysis
QRODVJKP_CDS_0051,OMDBv2.0_AA_G_NR50_000007159842,0.361,152,85,0,26,159,29,180,2.192e-12,73,36.1,endolysin,lysis
QRODVJKP_CDS_0051,OMDBv2.0_AA_G_NR50_000017075284,0.338,136,89,0,21,156,10,145,2.993e-12,72,33.800000000000004,endolysin,lysis
QRODVJKP_CDS_0051,OMDBv2.0_AA_G_NR50_000023315828,0.348,133,85,0,26,156,244,376,2.993e-12,72,34.8,endolysin,lysis
QRODVJKP_CDS_0051,OMDBv2.0_AA_G_NR50_000028440618,0.37,132,82,0,26,157,17,147,4.087e-12,72,37.0,endolysin,lysis
QRODVJKP_CDS_0051,OMDBv2.0_AA_G_NR50_000010882192,0.343,134,84,0,21,154,45,173,5.581e-12,72,34.300000000000004,endolysin,lysis
QRODVJKP_CDS_0051,OMDBv2.0_AA_G_NR50_000008370959,0.333,131,87,0,26,156,241,371,5.581e-12,72,33.300000000000004,endolysin,lysis
QRODVJKP_CDS_0051,OMDBv2.0_AA_G_NR50_000004257760,0.33,138,91,0,21,157,12,149,5.581e-12,72,33.0,endolysin,lysis
QRODVJKP_CDS_0051,OMDBv2.0_AA_G_NR50_000019944484,0.318,138,93,0,21,158,10,147,7.62e-12,71,31.8,endolysin,lysis
QRODVJKP_CDS_0051,OMDBv2.0_AA_G_NR50_000006576143,0.313,149,88,0,31,159,68,216,1.04e-11,71,31.3,endolysin,lysis
QRODVJKP_CDS_0051,OMDBv2.0_AA_G_NR50_000007251758,0.348,149,94,0,11,159,450,594,1.42e-11,70,34.8,endolysin,lysis
QRODVJKP_CDS_0051,OMDBv2.0_AA_G_NR50_000019697452,0.349,126,81,0,26,151,15,139,1.939e-11,70,34.9,endolysin,lysis
QRODVJKP_CDS_0051,OMDBv2.0_AA_G_NR50_000024086467,0.337,143,88,0,21,154,351,493,1.939e-11,70,33.7,endolysin,lysis
QRODVJKP_CDS_0051,OMDBv2.0_AA_G_NR50_000007848036,0.347,137,89,0,21,157,10,146,3.613e-11,69,34.699999999999996,endolysin,lysis
QRODVJKP_CDS_0051,OMDBv2.0_AA_G_NR50_000007041854,0.338,136,87,0,21,156,10,142,4.931e-11,69,33.800000000000004,endolysin,lysis
QRODVJKP_CDS_0051,OMDBv2.0_AA_G_NR50_000025155419,0.326,137,92,0,21,157,96,232,9.185e-11,68,32.6,endolysin,lysis
QRODVJKP_CDS_0051,OMDBv2.0_AA_G_NR50_000005712957,0.367,136,82,0,22,157,15,145,1.253e-10,68,36.7,endolysin,lysis
QRODVJKP_CDS_0051,OMDBv2.0_AA_G_NR50_000002237813,0.375,134,82,0,26,157,16,149,1.253e-10,68,37.5,endolysin,lysis
QRODVJKP_CDS_0051,OMDBv2.0_AA_G_NR50_000011044100,0.327,110,73,0,42,151,48,157,1.71e-10,67,32.7,endolysin,lysis
QRODVJKP_CDS_0051,OMDBv2.0_AA_G_NR50_000012801587,0.333,141,89,0,21,155,28,168,1.71e-10,67,33.300000000000004,endolysin,lysis
QRODVJKP_CDS_0051,OMDBv2.0_AA_G_NR50_000007828214,0.364,139,85,0,21,159,35,168,1.71e-10,67,36.4,endolysin,lysis
QRODVJKP_CDS_0051,OMDBv2.0_AA_G_NR50_000010212789,0.323,132,89,0,26,157,58,189,1.71e-10,67,32.300000000000004,endolysin,lysis
QRODVJKP_CDS_0051,OMDBv2.0_AA_G_NR50_000005104215,0.312,137,94,0,21,157,10,146,1.71e-10,67,31.2,endolysin,lysis
QRODVJKP_CDS_0051,OMDBv2.0_AA_G_NR50_000012229741,0.338,134,87,0,21,154,10,141,1.71e-10,67,33.800000000000004,endolysin,lysis
QRODVJKP_CDS_0051,OMDBv2.0_AA_G_NR50_000027920845,0.326,134,89,0,21,154,14,146,2.334e-10,67,32.6,endolysin,lysis
QRODVJKP_CDS_0051,OMDBv2.0_AA_G_NR50_000020146765,0.319,141,93,0,21,157,14,154,3.184e-10,66,31.900000000000002,endolysin,lysis
QRODVJKP_CDS_0051,OMDBv2.0_AA_G_NR50_000022937333,0.328,134,86,0,26,159,77,205,4.343e-10,66,32.800000000000004,endolysin,lysis
QRODVJKP_CDS_0051,OMDBv2.0_AA_G_NR50_000008823064,0.31,148,86,0,31,156,64,211,4.343e-10,66,31.0,endolysin,lysis
QRODVJKP_CDS_0051,OMDBv2.0_AA_G_NR50_000007252502,0.343,99,64,0,58,156,55,153,4.343e-10,66,34.300000000000004,endolysin,lysis
QRODVJKP_CDS_0051,OMDBv2.0_AA_G_NR50_000014299249,0.323,102,68,0,55,156,47,148,5.925e-10,66,32.300000000000004,endolysin,lysis
QRODVJKP_CDS_0051,OMDBv2.0_AA_G_NR50_000023898971,0.335,134,83,0,26,151,16,149,8.082e-10,65,33.5,endolysin,lysis
QRODVJKP_CDS_0051,OMDBv2.0_AA_G_NR50_000006059296,0.298,151,97,0,21,159,18,168,8.082e-10,65,29.799999999999997,endolysin,lysis
QRODVJKP_CDS_0051,OMDBv2.0_AA_G_NR50_000001625003,0.293,143,95,0,22,157,13,155,1.102e-09,65,29.299999999999997,endolysin,lysis
QRODVJKP_CDS_0051,OMDBv2.0_AA_G_NR50_000007313031,0.355,104,66,0,54,157,46,149,1.102e-09,65,35.5,endolysin,lysis
QRODVJKP_CDS_0051,OMDBv2.0_AA_G_NR50_000024626642,0.316,139,94,0,18,156,642,780,1.102e-09,65,31.6,endolysin,lysis
QRODVJKP_CDS_0051,OMDBv2.0_AA_G_NR50_000015206390,0.302,129,86,0,32,155,75,203,1.503e-09,64,30.2,endolysin,lysis
QRODVJKP_CDS_0051,OMDBv2.0_AA_G_NR50_000023446139,0.338,136,86,0,21,156,114,244,1.503e-09,64,33.800000000000004,endolysin,lysis
QRODVJKP_CDS_0051,OMDBv2.0_AA_G_NR50_000012011814,0.373,123,73,0,32,154,28,145,1.503e-09,64,37.3,endolysin,lysis
QRODVJKP_CDS_0051,OMDBv2.0_AA_G_NR50_000021508069,0.338,133,84,0,26,158,34,161,2.05e-09,64,33.800000000000004,endolysin,lysis
QRODVJKP_CDS_0051,OMDBv2.0_AA_G_NR50_000001962127,0.298,134,88,0,33,159,40,173,2.05e-09,64,29.799999999999997,endolysin,lysis
QRODVJKP_CDS_0051,OMDBv2.0_AA_G_NR50_000012375737,0.33,103,68,0,54,156,128,230,2.05e-09,64,33.0,endolysin,lysis
QRODVJKP_CDS_0051,OMDBv2.0_AA_G_NR50_000025832551,0.345,133,83,0,26,158,25,152,2.796e-09,64,34.5,endolysin,lysis
QRODVJKP_CDS_0051,OMDBv2.0_AA_G_NR50_000020016518,0.313,148,99,0,9,156,93,237,2.796e-09,64,31.3,endolysin,lysis
QRODVJKP_CDS_0051,OMDBv2.0_AA_G_NR50_000017921862,0.33,136,87,0,21,156,10,140,2.796e-09,64,33.0,endolysin,lysis
QRODVJKP_CDS_0051,OMDBv2.0_AA_G_NR50_000006926964,0.313,99,67,0,58,156,55,153,2.796e-09,64,31.3,endolysin,lysis
QRODVJKP_CDS_0051,OMDBv2.0_AA_G_NR50_000026278183,0.357,98,62,0,61,158,531,628,2.796e-09,64,35.699999999999996,endolysin,lysis
QRODVJKP_CDS_0051,OMDBv2.0_AA_G_NR50_000009246636,0.321,139,87,0,33,161,55,193,3.812e-09,63,32.1,endolysin,lysis
QRODVJKP_CDS_0051,OMDBv2.0_AA_G_NR50_000016860216,0.328,137,88,0,21,157,77,208,3.812e-09,63,32.800000000000004,endolysin,lysis
QRODVJKP_CDS_0051,OMDBv2.0_AA_G_NR50_000015951903,0.343,134,83,0,26,153,90,223,3.812e-09,63,34.300000000000004,endolysin,lysis
QRODVJKP_CDS_0051,OMDBv2.0_AA_G_NR50_000009701017,0.35,133,86,0,26,158,15,147,3.812e-09,63,35.0,endolysin,lysis
QRODVJKP_CDS_0051,OMDBv2.0_AA_G_NR50_000001952954,0.325,131,88,0,21,151,10,140,5.197e-09,63,32.5,endolysin,lysis
QRODVJKP_CDS_0051,OMDBv2.0_AA_G_NR50_000015658519,0.354,155,84,0,26,156,345,499,5.197e-09,63,35.4,endolysin,lysis
QRODVJKP_CDS_0051,OMDBv2.0_AA_G_NR50_000000921667,0.34,138,88,0,26,159,173,310,5.197e-09,63,34.0,endolysin,lysis
QRODVJKP_CDS_0051,OMDBv2.0_AA_G_NR50_000027250737,0.326,137,90,0,21,157,10,143,7.085e-09,63,32.6,endolysin,lysis
QRODVJKP_CDS_0051,OMDBv2.0_AA_G_NR50_000005608832,0.32,134,87,0,21,154,60,188,7.085e-09,63,32.0,endolysin,lysis
QRODVJKP_CDS_0051,OMDBv2.0_AA_G_NR50_000009821722,0.34,131,86,0,26,156,133,263,7.085e-09,63,34.0,endolysin,lysis
QRODVJKP_CDS_0051,OMDBv2.0_AA_G_NR50_000014438132,0.35,137,85,0,21,157,317,448,7.085e-09,63,35.0,endolysin,lysis
QRODVJKP_CDS_0051,OMDBv2.0_AA_G_NR50_000017206461,0.348,131,83,0,21,151,12,139,9.657e-09,62,34.8,endolysin,lysis
QRODVJKP_CDS_0051,OMDBv2.0_AA_G_NR50_000012578497,0.328,137,87,0,15,151,98,228,9.657e-09,62,32.800000000000004,endolysin,lysis
QRODVJKP_CDS_0051,OMDBv2.0_AA_G_NR50_000007430855,0.326,104,69,0,54,157,46,149,9.657e-09,62,32.6,endolysin,lysis
QRODVJKP_CDS_0051,OMDBv2.0_AA_G_NR50_000027168735,0.336,104,68,0,54,157,63,166,1.316e-08,62,33.6,endolysin,lysis
QRODVJKP_CDS_0051,OMDBv2.0_AA_G_NR50_000021228953,0.336,104,68,0,54,157,46,149,1.316e-08,62,33.6,endolysin,lysis
QRODVJKP_CDS_0051,OMDBv2.0_AA_G_NR50_000015929317,0.342,137,89,0,21,157,10,145,1.794e-08,61,34.2,endolysin,lysis
QRODVJKP_CDS_0051,OMDBv2.0_AA_G_NR50_000028799181,0.3,172,108,0,5,159,8,179,1.794e-08,61,30.0,endolysin,lysis
QRODVJKP_CDS_0051,OMDBv2.0_AA_G_NR50_000027504136,0.338,132,84,0,26,157,211,338,1.794e-08,61,33.800000000000004,endolysin,lysis
QRODVJKP_CDS_0051,OMDBv2.0_AA_G_NR50_000000962793,0.376,77,47,0,6,82,10,86,2.445e-08,61,37.6,endolysin,lysis
QRODVJKP_CDS_0051,OMDBv2.0_AA_G_NR50_000003364925,0.335,133,87,0,26,157,18,150,2.445e-08,61,33.5,endolysin,lysis
QRODVJKP_CDS_0051,OMDBv2.0_AA_G_NR50_000023493937,0.353,131,82,0,21,151,18,145,2.445e-08,61,35.3,endolysin,lysis
QRODVJKP_CDS_0051,OMDBv2.0_AA_G_NR50_000012341858,0.337,147,90,0,21,156,10,156,2.445e-08,61,33.7,endolysin,lysis
QRODVJKP_CDS_0051,OMDBv2.0_AA_G_NR50_000019162817,0.323,99,66,0,58,156,55,153,2.445e-08,61,32.300000000000004,endolysin,lysis
QRODVJKP_CDS_0051,OMDBv2.0_AA_G_NR50_000012709175,0.313,134,89,0,21,154,91,220,3.331e-08,61,31.3,endolysin,lysis
QRODVJKP_CDS_0051,OMDBv2.0_AA_G_NR50_000016111395,0.333,136,87,0,22,157,59,190,4.539e-08,60,33.300000000000004,endolysin,lysis
QRODVJKP_CDS_0051,OMDBv2.0_AA_G_NR50_000013800776,0.326,104,69,0,54,157,46,149,4.539e-08,60,32.6,endolysin,lysis
QRODVJKP_CDS_0051,OMDBv2.0_AA_G_NR50_000001072756,0.308,131,86,0,21,151,10,134,6.184e-08,60,30.8,endolysin,lysis
QRODVJKP_CDS_0051,OMDBv2.0_AA_G_NR50_000026683175,0.333,138,91,0,21,157,10,147,6.184e-08,60,33.300000000000004,endolysin,lysis
QRODVJKP_CDS_0051,OMDBv2.0_AA_G_NR50_000024885422,0.318,136,91,0,21,156,75,208,6.184e-08,60,31.8,endolysin,lysis
QRODVJKP_CDS_0051,OMDBv2.0_AA_G_NR50_000012141699,0.31,141,94,0,21,157,15,155,8.424e-08,59,31.0,endolysin,lysis
QRODVJKP_CDS_0051,OMDBv2.0_AA_G_NR50_000026945673,0.32,134,90,0,21,154,10,142,8.424e-08,59,32.0,endolysin,lysis
QRODVJKP_CDS_0051,OMDBv2.0_AA_G_NR50_000001417380,0.28,139,97,0,21,156,123,261,8.424e-08,59,28.000000000000004,endolysin,lysis
QRODVJKP_CDS_0051,OMDBv2.0_AA_G_NR50_000014304624,0.321,136,90,0,26,158,15,150,8.424e-08,59,32.1,endolysin,lysis
QRODVJKP_CDS_0051,OMDBv2.0_AA_G_NR50_000011944092,0.314,121,74,0,49,157,29,149,8.424e-08,59,31.4,endolysin,lysis
QRODVJKP_CDS_0051,OMDBv2.0_AA_G_NR50_000023882036,0.4,80,47,0,77,156,70,149,8.424e-08,59,40.0,endolysin,lysis
QRODVJKP_CDS_0051,OMDBv2.0_AA_G_NR50_000013593962,0.321,140,87,0,26,154,11,150,1.147e-07,59,32.1,endolysin,lysis
QRODVJKP_CDS_0051,OMDBv2.0_AA_G_NR50_000021292721,0.353,132,82,0,26,157,44,170,1.147e-07,59,35.3,endolysin,lysis
QRODVJKP_CDS_0051,OMDBv2.0_AA_G_NR50_000000655801,0.319,140,94,0,21,159,12,151,1.147e-07,59,31.900000000000002,endolysin,lysis
QRODVJKP_CDS_0051,OMDBv2.0_AA_G_NR50_000020420563,0.326,137,92,0,21,157,90,226,1.147e-07,59,32.6,endolysin,lysis
QRODVJKP_CDS_0051,OMDBv2.0_AA_G_NR50_000026377680,0.294,134,92,0,26,156,762,895,1.147e-07,59,29.4,endolysin,lysis
QRODVJKP_CDS_0051,OMDBv2.0_AA_G_NR50_000002908430,0.319,137,93,0,21,157,10,146,1.563e-07,59,31.900000000000002,endolysin,lysis
QRODVJKP_CDS_0051,OMDBv2.0_AA_G_NR50_000026078741,0.309,139,91,0,21,152,12,150,1.563e-07,59,30.9,endolysin,lysis
QRODVJKP_CDS_0051,OMDBv2.0_AA_G_NR50_000023201829,0.366,101,63,0,58,157,50,150,1.563e-07,59,36.6,endolysin,lysis
QRODVJKP_CDS_0051,OMDBv2.0_AA_G_NR50_000009518165,0.291,120,76,0,49,156,29,148,1.563e-07,59,29.099999999999998,endolysin,lysis
QRODVJKP_CDS_0051,OMDBv2.0_AA_G_NR50_000010153087,0.317,104,70,0,54,157,63,166,1.563e-07,59,31.7,endolysin,lysis
QRODVJKP_CDS_0051,OMDBv2.0_AA_G_NR50_000027967415,0.313,134,89,0,21,154,16,145,2.128e-07,58,31.3,endolysin,lysis
QRODVJKP_CDS_0051,OMDBv2.0_AA_G_NR50_000001626883,0.335,154,95,0,15,158,48,201,2.128e-07,58,33.5,endolysin,lysis
QRODVJKP_CDS_0051,OMDBv2.0_AA_G_NR50_000028736207,0.343,131,82,0,27,157,93,218,2.128e-07,58,34.300000000000004,endolysin,lysis
QRODVJKP_CDS_0051,OMDBv2.0_AA_G_NR50_000006839934,0.313,137,90,0,21,157,323,454,2.128e-07,58,31.3,endolysin,lysis
QRODVJKP_CDS_0051,OMDBv2.0_AA_G_NR50_000021976162,0.323,136,89,0,21,156,10,141,2.898e-07,58,32.300000000000004,endolysin,lysis
QRODVJKP_CDS_0051,OMDBv2.0_AA_G_NR50_000002092535,0.287,135,95,0,21,154,10,144,2.898e-07,58,28.7,endolysin,lysis
QRODVJKP_CDS_0051,OMDBv2.0_AA_G_NR50_000026054614,0.307,137,91,0,21,157,28,160,2.898e-07,58,30.7,endolysin,lysis
QRODVJKP_CDS_0051,OMDBv2.0_AA_G_NR50_000000778363,0.291,139,96,0,21,157,130,268,2.898e-07,58,29.099999999999998,endolysin,lysis
QRODVJKP_CDS_0051,OMDBv2.0_AA_G_NR50_000006865051,0.35,97,62,0,58,154,227,323,2.898e-07,58,35.0,endolysin,lysis
QRODVJKP_CDS_0051,OMDBv2.0_AA_G_NR50_000025494876,0.326,134,90,0,21,154,11,144,3.945e-07,57,32.6,endolysin,lysis
QRODVJKP_CDS_0051,OMDBv2.0_AA_G_NR50_000011563524,0.338,137,88,0,21,157,71,204,3.945e-07,57,33.800000000000004,endolysin,lysis
QRODVJKP_CDS_0051,OMDBv2.0_AA_G_NR50_000005841136,0.302,139,94,0,21,156,10,148,3.945e-07,57,30.2,endolysin,lysis
QRODVJKP_CDS_0051,OMDBv2.0_AA_G_NR50_000018816780,0.319,139,91,0,21,154,35,173,3.945e-07,57,31.900000000000002,endolysin,lysis
QRODVJKP_CDS_0051,OMDBv2.0_AA_G_NR50_000015738096,0.302,136,91,0,21,156,75,205,3.945e-07,57,30.2,endolysin,lysis
QRODVJKP_CDS_0051,OMDBv2.0_AA_G_NR50_000024303135,0.298,139,93,0,26,159,137,275,3.945e-07,57,29.799999999999997,endolysin,lysis
QRODVJKP_CDS_0051,OMDBv2.0_AA_G_NR50_000016488911,0.312,131,87,0,21,151,42,168,5.371e-07,57,31.2,endolysin,lysis
QRODVJKP_CDS_0051,OMDBv2.0_AA_G_NR50_000008132693,0.326,101,65,0,54,154,4,100,5.371e-07,57,32.6,endolysin,lysis
QRODVJKP_CDS_0051,OMDBv2.0_AA_G_NR50_000012032974,0.3,137,92,0,21,157,70,202,5.371e-07,57,30.0,endolysin,lysis
QRODVJKP_CDS_0051,OMDBv2.0_AA_G_NR50_000000382398,0.333,126,80,0,26,151,83,203,5.371e-07,57,33.300000000000004,endolysin,lysis
QRODVJKP_CDS_0051,OMDBv2.0_AA_G_NR50_000017912509,0.313,133,90,0,26,157,26,158,5.371e-07,57,31.3,endolysin,lysis
QRODVJKP_CDS_0051,OMDBv2.0_AA_G_NR50_000006372803,0.317,104,70,0,54,157,48,151,5.371e-07,57,31.7,endolysin,lysis
QRODVJKP_CDS_0051,OMDBv2.0_AA_G_NR50_000011273766,0.287,139,96,0,22,156,35,173,7.311e-07,57,28.7,endolysin,lysis
QRODVJKP_CDS_0051,OMDBv2.0_AA_G_NR50_000023065873,0.278,140,98,0,21,157,106,245,7.311e-07,57,27.800000000000004,endolysin,lysis
QRODVJKP_CDS_0051,OMDBv2.0_AA_G_NR50_000002255484,0.301,136,94,0,21,156,28,162,7.311e-07,57,30.099999999999998,endolysin,lysis
QRODVJKP_CDS_0051,OMDBv2.0_AA_G_NR50_000016446974,0.325,80,53,0,77,156,68,147,7.311e-07,57,32.5,endolysin,lysis
QRODVJKP_CDS_0051,OMDBv2.0_AA_G_NR50_000007125191,0.294,136,95,0,21,156,14,149,7.311e-07,57,29.4,endolysin,lysis
QRODVJKP_CDS_0051,OMDBv2.0_AA_G_NR50_000006834169,0.286,136,93,0,21,156,404,534,7.311e-07,57,28.599999999999998,endolysin,lysis
QRODVJKP_CDS_0051,OMDBv2.0_AA_G_NR50_000026528812,0.326,137,89,0,21,157,10,142,9.951e-07,56,32.6,endolysin,lysis
QRODVJKP_CDS_0051,OMDBv2.0_AA_G_NR50_000026321038,0.3,103,71,0,54,156,113,215,9.951e-07,56,30.0,endolysin,lysis
QRODVJKP_CDS_0051,OMDBv2.0_AA_G_NR50_000003983264,0.422,71,40,0,82,151,74,144,9.951e-07,56,42.199999999999996,endolysin,lysis
QRODVJKP_CDS_0051,OMDBv2.0_AA_G_NR50_000016187832,0.33,103,68,0,49,151,7,109,1.354e-06,56,33.0,endolysin,lysis
QRODVJKP_CDS_0051,OMDBv2.0_AA_G_NR50_000012688989,0.345,109,69,0,26,132,52,160,1.354e-06,56,34.5,endolysin,lysis
QRODVJKP_CDS_0051,OMDBv2.0_AA_G_NR50_000016630857,0.299,133,92,0,26,157,202,334,1.354e-06,56,29.9,endolysin,lysis
QRODVJKP_CDS_0051,OMDBv2.0_AA_G_NR50_000019524470,0.305,121,75,0,49,157,29,149,1.354e-06,56,30.5,endolysin,lysis
QRODVJKP_CDS_0051,OMDBv2.0_AA_G_NR50_000016590573,0.378,66,40,0,92,157,29,94,1.843e-06,55,37.8,endolysin,lysis
QRODVJKP_CDS_0051,OMDBv2.0_AA_G_NR50_000009849250,0.307,139,94,0,21,156,12,150,1.843e-06,55,30.7,endolysin,lysis
QRODVJKP_CDS_0051,OMDBv2.0_AA_G_NR50_000015115924,0.305,128,88,0,27,154,152,278,1.843e-06,55,30.5,endolysin,lysis
QRODVJKP_CDS_0051,OMDBv2.0_AA_G_NR50_000002925816,0.34,141,86,0,21,151,18,158,1.843e-06,55,34.0,endolysin,lysis
QRODVJKP_CDS_0051,OMDBv2.0_AA_G_NR50_000017375484,0.3,103,71,0,54,156,45,147,1.843e-06,55,30.0,endolysin,lysis
QRODVJKP_CDS_0051,OMDBv2.0_AA_G_NR50_000026875033,0.307,104,71,0,54,157,46,149,1.843e-06,55,30.7,endolysin,lysis
QRODVJKP_CDS_0051,OMDBv2.0_AA_G_NR50_000003822321,0.317,104,70,0,54,157,46,149,1.843e-06,55,31.7,endolysin,lysis
QRODVJKP_CDS_0051,OMDBv2.0_AA_G_NR50_000020611522,0.326,139,91,0,21,159,18,153,2.507e-06,55,32.6,endolysin,lysis
QRODVJKP_CDS_0051,OMDBv2.0_AA_G_NR50_000014513987,0.342,136,86,0,26,157,15,150,2.507e-06,55,34.2,endolysin,lysis
QRODVJKP_CDS_0051,OMDBv2.0_AA_G_NR50_000002289219,0.331,141,88,0,21,161,267,398,2.507e-06,55,33.1,endolysin,lysis
QRODVJKP_CDS_0051,OMDBv2.0_AA_G_NR50_000027636607,0.311,106,72,0,54,159,45,150,2.507e-06,55,31.1,endolysin,lysis
QRODVJKP_CDS_0051,OMDBv2.0_AA_G_NR50_000020179062,0.341,82,53,0,75,156,67,148,2.507e-06,55,34.1,endolysin,lysis
QRODVJKP_CDS_0051,OMDBv2.0_AA_G_NR50_000000427367,0.289,121,77,0,49,157,29,149,2.507e-06,55,28.9,endolysin,lysis
QRODVJKP_CDS_0051,OMDBv2.0_AA_G_NR50_000021487097,0.296,135,92,0,22,156,11,141,3.411e-06,55,29.599999999999998,endolysin,lysis
QRODVJKP_CDS_0051,OMDBv2.0_AA_G_NR50_000012323597,0.282,99,70,0,58,156,50,148,3.411e-06,55,28.199999999999996,endolysin,lysis
QRODVJKP_CDS_0051,OMDBv2.0_AA_G_NR50_000027934209,0.345,106,68,0,54,158,326,431,3.411e-06,55,34.5,endolysin,lysis
QRODVJKP_CDS_0051,OMDBv2.0_AA_G_NR50_000022175121,0.288,139,98,0,21,159,12,149,3.411e-06,55,28.799999999999997,endolysin,lysis
QRODVJKP_CDS_0051,OMDBv2.0_AA_G_NR50_000015928032,0.336,121,77,0,37,157,41,157,3.411e-06,55,33.6,endolysin,lysis
QRODVJKP_CDS_0051,OMDBv2.0_AA_G_NR50_000004660208,0.299,133,92,0,26,157,39,171,4.639e-06,54,29.9,endolysin,lysis
QRODVJKP_CDS_0051,OMDBv2.0_AA_G_NR50_000000279193,0.387,80,48,0,77,156,70,149,4.639e-06,54,38.7,endolysin,lysis
QRODVJKP_CDS_0051,OMDBv2.0_AA_G_NR50_000013054616,0.301,93,64,0,65,157,58,150,4.639e-06,54,30.099999999999998,endolysin,lysis
QRODVJKP_CDS_0051,OMDBv2.0_AA_G_NR50_000021297888,0.302,96,66,0,61,156,53,148,4.639e-06,54,30.2,endolysin,lysis
QRODVJKP_CDS_0051,OMDBv2.0_AA_G_NR50_000024555510,0.34,131,82,0,26,151,19,149,6.31e-06,54,34.0,endolysin,lysis
QRODVJKP_CDS_0051,OMDBv2.0_AA_G_NR50_000020667914,0.323,136,89,0,22,157,39,170,6.31e-06,54,32.300000000000004,endolysin,lysis
QRODVJKP_CDS_0051,OMDBv2.0_AA_G_NR50_000008625107,0.292,113,74,0,53,157,37,149,6.31e-06,54,29.2,endolysin,lysis
QRODVJKP_CDS_0051,OMDBv2.0_AA_G_NR50_000006153264,0.292,99,69,0,58,156,50,148,6.31e-06,54,29.2,endolysin,lysis
QRODVJKP_CDS_0051,OMDBv2.0_AA_G_NR50_000020063747,0.378,66,40,0,92,157,18,83,8.581e-06,53,37.8,endolysin,lysis
QRODVJKP_CDS_0051,OMDBv2.0_AA_G_NR50_000019184836,0.287,136,96,0,22,156,86,221,8.581e-06,53,28.7,endolysin,lysis
QRODVJKP_CDS_0051,OMDBv2.0_AA_G_NR50_000006444311,0.278,140,98,0,21,157,119,258,8.581e-06,53,27.800000000000004,endolysin,lysis
QRODVJKP_CDS_0051,OMDBv2.0_AA_G_NR50_000005506159,0.375,80,49,0,77,156,70,149,8.581e-06,53,37.5,endolysin,lysis
QRODVJKP_CDS_0051,OMDBv2.0_AA_G_NR50_000018408161,0.373,67,41,0,92,158,91,157,8.581e-06,53,37.3,endolysin,lysis
QRODVJKP_CDS_0051,OMDBv2.0_AA_G_NR50_000022015632,0.268,136,98,0,21,156,14,148,8.581e-06,53,26.8,endolysin,lysis
