phage,lysis_group,titer_pfu_ml,morphotype,head_width_nm_v,tail_length_nm_v
A_B7,G3_sustained-24h,18000000000.0,siphovirus-like,61.1,160.0
A_C8,G1_fast-lysis_resistance-8h,11000000000.0,siphovirus-like,52.0,161.1
A_D7,G1_fast-lysis_resistance-8h,8000000000.0,siphovirus-like,61.8,135.9
B_H11,G1_fast-lysis_resistance-8h,27000000000.0,siphovirus-like,60.0,166.7
C_A1,G3_sustained-24h,14000000000.0,podovirus-like,57.2,18.7
C_A2,G2_medium-lysis_resistance-10h,43000000000.0,siphovirus-like,59.3,145.4
C_A3,G5_weak,3000000000.0,siphovirus-like,51.7,133.7
C_B4,G5_weak,4000000000.0,siphovirus-like (long-head),57.2,181.3
C_B5,G5_weak,25000000000.0,siphovirus-like,60.1,143.1
C_C1,G5_weak,3000000000.0,siphovirus-like,65.1,135.6
C_C2,G5_weak,10000000000.0,siphovirus-like,59.9,171.0
C_C4,G2_medium-lysis_resistance-10h,38000000000.0,siphovirus-like,58.6,137.8
C_C5,G6_irregular,43000000000.0,siphovirus-like,59.5,139.5
C_C7,G2_medium-lysis_resistance-10h,25000000000.0,siphovirus-like,62.7,151.4
C_D1,G2_medium-lysis_resistance-10h,46000000000.0,siphovirus-like,59.7,136.4
C_D2,G4_high-MOI-only,26000000000.0,siphovirus-like,77.8,178.2
C_D3,G2_medium-lysis_resistance-10h,41000000000.0,siphovirus-like,63.6,131.3
C_D4,G3_sustained-24h,4000000000.0,podovirus-like,57.1,13.9
C_D5,G3_sustained-24h,23000000000.0,siphovirus-like,61.6,139.3
C_D9,G1_fast-lysis_resistance-8h,20000000000.0,siphovirus-like,62.2,147.6
C_E1,G3_sustained-24h,5000000000.0,podovirus-like,58.0,15.9
C_E4,G3_sustained-24h,16000000000.0,siphovirus-like,45.3,135.0
C_E6,G4_high-MOI-only,12000000000.0,siphovirus-like,74.4,180.5
C_F11,G6_irregular,23000000000.0,siphovirus-like,59.7,148.6
C_F12,G3_sustained-24h,14000000000.0,siphovirus-like,63.6,140.4
C_F3,G5_weak,13000000000.0,siphovirus-like,55.6,147.7
C_G3,G5_weak,13000000000.0,siphovirus-like,60.7,146.7
C_G4,G5_weak,31000000000.0,siphovirus-like,61.4,149.9
C_G5,G6_irregular,44000000000.0,siphovirus-like,56.3,136.2
C_H4,G4_high-MOI-only,43000000000.0,siphovirus-like,79.9,172.6
C_H6,G3_sustained-24h,15000000000.0,,,
C_H7,G5_weak,2000000000.0,siphovirus-like,56.8,129.5
D_A3,G1_fast-lysis_resistance-8h,33000000000.0,siphovirus-like,61.5,138.4
D_A5,G3_sustained-24h,20000000000.0,siphovirus-like,58.7,116.2
D_A9,G1_fast-lysis_resistance-8h,18000000000.0,siphovirus-like,61.4,150.9
D_C3,G1_fast-lysis_resistance-8h,6000000000.0,siphovirus-like,50.5,144.5
D_C8,G2_medium-lysis_resistance-10h,25000000000.0,siphovirus-like,58.6,131.3
D_D11,G6_irregular,7000000000.0,siphovirus-like (long-head),59.1,144.9
D_D2,G4_high-MOI-only,4800000000.0,siphovirus-like,71.4,177.8
D_E5,G3_sustained-24h,18000000000.0,siphovirus-like,60.2,132.6
D_F1,G4_high-MOI-only,20000000000.0,siphovirus-like,76.1,183.5
D_F10,G2_medium-lysis_resistance-10h,23000000000.0,siphovirus-like,59.1,137.8
D_F11,G2_medium-lysis_resistance-10h,30000000000.0,siphovirus-like,60.0,140.9
D_F6,G6_irregular,6000000000.0,siphovirus-like,59.3,153.9
D_G10,G4_high-MOI-only,15000000000.0,siphovirus-like (long-head),59.1,150.2
D_G11,G2_medium-lysis_resistance-10h,58000000000.0,siphovirus-like,61.5,135.8
D_G3,G6_irregular,14000000000.0,siphovirus-like,63.4,148.0
D_G6,G1_fast-lysis_resistance-8h,7000000000.0,siphovirus-like,60.2,126.3
D_H11,G4_high-MOI-only,16000000000.0,siphovirus-like (long-head),62.3,159.4
D_H7,G1_fast-lysis_resistance-8h,9000000000.0,siphovirus-like,57.5,147.2
D_H8,G5_weak,2000000000.0,siphovirus-like,55.3,135.9
WBW11,G6_irregular,,myovirus-like,,
WBW2,G1_fast-lysis_resistance-8h,,siphovirus-like,62.0,136.6
WBW3,G1_fast-lysis_resistance-8h,,siphovirus-like,58.8,162.1
