phage,head_width_nm,tail_length_nm,tail_width_nm,morphotype
C_D1,59.7±0.9,136.4±9.5,10.8±0.5,siphovirus-like
C_A2,59.3±0.5,145.4±4.9,11.4±0.2,siphovirus-like
C_D2,77.8±0.9,178.2±2.9,10.3±0.1,siphovirus-like
C_D3,63.6±2.9,131.3±5.7,11.7±0.4,siphovirus-like
C_C4,58.6±0.4,137.8±5.4,11.3±0.3,siphovirus-like
C_E4,45.3±2.5,135±2.7,10.4±0.3,siphovirus-like
C_H4,79.9±1.3,172.6±4.6,10.5±0.4,siphovirus-like
C_D5,61.6±1.2,139.3±5.6,11±0.1,siphovirus-like
C_G5,56.3±2.6,136.2±2.5,10.8±0.6,siphovirus-like
C_C7,62.7±1.8,151.4±2.2,10.9±0.2,siphovirus-like
C_F11,59.7±0.9,148.6±5.2,10.5±0.1,siphovirus-like
C_F12,63.6±1.2,140.4±7.1,11.4±0.8,siphovirus-like
D_D2,71.4±0.9,177.8±8.8,10.6±0.5,siphovirus-like
D_F1,76.1±1.6,183.5±2.7,10.2±0.5,siphovirus-like
D_G3,63.4±1.3,148±1.8,10.4±0.2,siphovirus-like
D_E5,60.2±0.8,132.6±2,11.3±0.5,siphovirus-like
D_F6,59.3±2.6,153.9±4.5,10.2±0.5,siphovirus-like
D_G11,61.5±0.6,135.8±3.4,11.2±0.8,siphovirus-like
D_F10,59.1±0.7,137.8±11.5,12±0.7,siphovirus-like
D_F11,60±0.8,140.9±3.5,11.4±0.9,siphovirus-like
C_C5,59.5±0.9,139.5±2.3,11.5±0.3,siphovirus-like
C_D9,62.2±0.9,147.6±6.2,10.4±0.2,siphovirus-like
C_E6,74.4±1.3,180.5±1.2,11.1±0.8,siphovirus-like
D_A3,61.5±0.9,138.4±6.6,9.7±0.3,siphovirus-like
D_H7,57.5±0.4,147.2±3,11.9±0.3,siphovirus-like
D_C3,50.5±0.9,144.5±5.1,13.4±0.3,siphovirus-like
D_C8,58.6±0.4,131.3±2.9,11.5±0.5,siphovirus-like
D_A9,61.4±0.4,150.9±3.9,11.7±0.6,siphovirus-like
D_G6,60.2±1.3,126.3±4.6,9.8±0.8,siphovirus-like
D_A5,58.7±0.6,116.2±4.1,10.4±0.8,siphovirus-like
A_C8,52±0.2,161.1±7.2,11.2±0.6,siphovirus-like
A_B7,61.1±2.8,160±11.8,10.8±1.1,siphovirus-like
A_D7,61.8±1.3,135.9±5.8,10.8±0.7,siphovirus-like
B_H11,60±1.5,166.7±2.1,11.4±0.3,siphovirus-like
C_B5,60.1±0.3,143.1±1.3,11.7±0.3,siphovirus-like
C_C2,59.9±2.7,171±3.9,12±0.7,siphovirus-like
C_F3,55.6±0.4,147.7±2.5,10.2±0.8,siphovirus-like
C_G3,60.7±0.9,146.7±1.5,11±0.5,siphovirus-like
C_G4,61.4±0.6,149.9±2.9,11.6±0.6,siphovirus-like
D_H8,55.3±1.9,135.9±3.1,12.2±0.4,siphovirus-like
C_H7,56.8±1.4,129.5±0.9,10.9±0.5,siphovirus-like
C_C1,65.1±0.5,135.6±6.8,11.5±0.5,siphovirus-like
C_A3,51.7±2.3,133.7±1.7,12.3±0.2,siphovirus-like
WBW2,62±0.9,136.6±2.9,10.6±0.4,siphovirus-like
WBW3,58.8±0.25,162.1±6.4,10.2±0.9,siphovirus-like
